<?xml version="1.0" encoding="utf-8"?>
<ArrayOfPointGame>
  <PointGame>
    <X>52769</X>
    <Y>110995</Y>
  </PointGame>
  <PointGame>
    <X>52933</X>
    <Y>111174</Y>
  </PointGame>
  <PointGame>
    <X>53127</X>
    <Y>111320</Y>
  </PointGame>
  <PointGame>
    <X>53310</X>
    <Y>111518</Y>
  </PointGame>
  <PointGame>
    <X>53528</X>
    <Y>111676</Y>
  </PointGame>
  <PointGame>
    <X>53705</X>
    <Y>111842</Y>
  </PointGame>
  <PointGame>
    <X>53862</X>
    <Y>112041</Y>
  </PointGame>
  <PointGame>
    <X>53710</X>
    <Y>112264</Y>
  </PointGame>
  <PointGame>
    <X>53498</X>
    <Y>112056</Y>
  </PointGame>
  <PointGame>
    <X>53310</X>
    <Y>111826</Y>
  </PointGame>
  <PointGame>
    <X>53106</X>
    <Y>111611</Y>
  </PointGame>
  <PointGame>
    <X>52939</X>
    <Y>111399</Y>
  </PointGame>
  <PointGame>
    <X>52732</X>
    <Y>111151</Y>
  </PointGame>
  <PointGame>
    <X>52459</X>
    <Y>111287</Y>
  </PointGame>
  <PointGame>
    <X>52690</X>
    <Y>111531</Y>
  </PointGame>
  <PointGame>
    <X>52870</X>
    <Y>111720</Y>
  </PointGame>
  <PointGame>
    <X>53064</X>
    <Y>111944</Y>
  </PointGame>
  <PointGame>
    <X>53273</X>
    <Y>112191</Y>
  </PointGame>
  <PointGame>
    <X>53144</X>
    <Y>112404</Y>
  </PointGame>
  <PointGame>
    <X>52940</X>
    <Y>112196</Y>
  </PointGame>
  <PointGame>
    <X>52748</X>
    <Y>111995</Y>
  </PointGame>
  <PointGame>
    <X>52657</X>
    <Y>111815</Y>
  </PointGame>
  <PointGame>
    <X>52462</X>
    <Y>111556</Y>
  </PointGame>
  <PointGame>
    <X>52277</X>
    <Y>111360</Y>
  </PointGame>
  <PointGame>
    <X>52112</X>
    <Y>111573</Y>
  </PointGame>
  <PointGame>
    <X>52247</X>
    <Y>111775</Y>
  </PointGame>
  <PointGame>
    <X>52435</X>
    <Y>112005</Y>
  </PointGame>
  <PointGame>
    <X>52592</X>
    <Y>112224</Y>
  </PointGame>
  <PointGame>
    <X>52815</X>
    <Y>112509</Y>
  </PointGame>
  <PointGame>
    <X>53031</X>
    <Y>112785</Y>
  </PointGame>
  <PointGame>
    <X>52748</X>
    <Y>112984</Y>
  </PointGame>
  <PointGame>
    <X>52507</X>
    <Y>112735</Y>
  </PointGame>
  <PointGame>
    <X>52312</X>
    <Y>112577</Y>
  </PointGame>
  <PointGame>
    <X>52052</X>
    <Y>112417</Y>
  </PointGame>
  <PointGame>
    <X>51853</X>
    <Y>112169</Y>
  </PointGame>
  <PointGame>
    <X>52798</X>
    <Y>111972</Y>
  </PointGame>
</ArrayOfPointGame>