<?xml version="1.0" encoding="utf-8"?>
<ArrayOfPointGame>
  <PointGame>
    <X>50864</X>
    <Y>92784</Y>
  </PointGame>
  <PointGame>
    <X>51010</X>
    <Y>92985</Y>
  </PointGame>
  <PointGame>
    <X>51197</X>
    <Y>93152</Y>
  </PointGame>
  <PointGame>
    <X>51314</X>
    <Y>93558</Y>
  </PointGame>
  <PointGame>
    <X>51423</X>
    <Y>93387</Y>
  </PointGame>
  <PointGame>
    <X>51605</X>
    <Y>93661</Y>
  </PointGame>
  <PointGame>
    <X>51833</X>
    <Y>93880</Y>
  </PointGame>
  <PointGame>
    <X>52089</X>
    <Y>94098</Y>
  </PointGame>
  <PointGame>
    <X>52354</X>
    <Y>94216</Y>
  </PointGame>
  <PointGame>
    <X>52499</X>
    <Y>94067</Y>
  </PointGame>
  <PointGame>
    <X>52353</X>
    <Y>93890</Y>
  </PointGame>
  <PointGame>
    <X>52207</X>
    <Y>93758</Y>
  </PointGame>
  <PointGame>
    <X>52123</X>
    <Y>93701</Y>
  </PointGame>
  <PointGame>
    <X>51921</X>
    <Y>93534</Y>
  </PointGame>
  <PointGame>
    <X>51723</X>
    <Y>93347</Y>
  </PointGame>
  <PointGame>
    <X>51545</X>
    <Y>93268</Y>
  </PointGame>
  <PointGame>
    <X>51419</X>
    <Y>93053</Y>
  </PointGame>
  <PointGame>
    <X>51148</X>
    <Y>92868</Y>
  </PointGame>
  <PointGame>
    <X>51007</X>
    <Y>92604</Y>
  </PointGame>
  <PointGame>
    <X>51059</X>
    <Y>92222</Y>
  </PointGame>
  <PointGame>
    <X>51244</X>
    <Y>92390</Y>
  </PointGame>
  <PointGame>
    <X>51424</X>
    <Y>92601</Y>
  </PointGame>
  <PointGame>
    <X>51620</X>
    <Y>92793</Y>
  </PointGame>
  <PointGame>
    <X>51792</X>
    <Y>92975</Y>
  </PointGame>
  <PointGame>
    <X>51899</X>
    <Y>93193</Y>
  </PointGame>
  <PointGame>
    <X>52151</X>
    <Y>93363</Y>
  </PointGame>
  <PointGame>
    <X>52296</X>
    <Y>93535</Y>
  </PointGame>
  <PointGame>
    <X>52440</X>
    <Y>93634</Y>
  </PointGame>
  <PointGame>
    <X>52614</X>
    <Y>93777</Y>
  </PointGame>
  <PointGame>
    <X>52790</X>
    <Y>93584</Y>
  </PointGame>
  <PointGame>
    <X>52628</X>
    <Y>93363</Y>
  </PointGame>
  <PointGame>
    <X>52469</X>
    <Y>93153</Y>
  </PointGame>
  <PointGame>
    <X>52277</X>
    <Y>92849</Y>
  </PointGame>
  <PointGame>
    <X>52131</X>
    <Y>92647</Y>
  </PointGame>
  <PointGame>
    <X>51881</X>
    <Y>92575</Y>
  </PointGame>
  <PointGame>
    <X>51767</X>
    <Y>92356</Y>
  </PointGame>
  <PointGame>
    <X>51585</X>
    <Y>92157</Y>
  </PointGame>
  <PointGame>
    <X>51445</X>
    <Y>91920</Y>
  </PointGame>
  <PointGame>
    <X>51655</X>
    <Y>91776</Y>
  </PointGame>
  <PointGame>
    <X>51817</X>
    <Y>91931</Y>
  </PointGame>
  <PointGame>
    <X>51940</X>
    <Y>92098</Y>
  </PointGame>
  <PointGame>
    <X>52067</X>
    <Y>92218</Y>
  </PointGame>
  <PointGame>
    <X>52208</X>
    <Y>92321</Y>
  </PointGame>
  <PointGame>
    <X>52335</X>
    <Y>92441</Y>
  </PointGame>
  <PointGame>
    <X>52428</X>
    <Y>92558</Y>
  </PointGame>
  <PointGame>
    <X>52551</X>
    <Y>92716</Y>
  </PointGame>
  <PointGame>
    <X>52680</X>
    <Y>92834</Y>
  </PointGame>
  <PointGame>
    <X>52825</X>
    <Y>92972</Y>
  </PointGame>
  <PointGame>
    <X>52969</X>
    <Y>93109</Y>
  </PointGame>
  <PointGame>
    <X>53126</X>
    <Y>93270</Y>
  </PointGame>
  <PointGame>
    <X>53092</X>
    <Y>92849</Y>
  </PointGame>
  <PointGame>
    <X>52875</X>
    <Y>92607</Y>
  </PointGame>
  <PointGame>
    <X>52621</X>
    <Y>92552</Y>
  </PointGame>
  <PointGame>
    <X>52638</X>
    <Y>92353</Y>
  </PointGame>
  <PointGame>
    <X>52534</X>
    <Y>92183</Y>
  </PointGame>
  <PointGame>
    <X>52394</X>
    <Y>92040</Y>
  </PointGame>
  <PointGame>
    <X>52352</X>
    <Y>91930</Y>
  </PointGame>
  <PointGame>
    <X>52236</X>
    <Y>91707</Y>
  </PointGame>
  <PointGame>
    <X>52279</X>
    <Y>91261</Y>
  </PointGame>
  <PointGame>
    <X>52485</X>
    <Y>91443</Y>
  </PointGame>
  <PointGame>
    <X>52647</X>
    <Y>91664</Y>
  </PointGame>
  <PointGame>
    <X>52825</X>
    <Y>91935</Y>
  </PointGame>
  <PointGame>
    <X>52906</X>
    <Y>92030</Y>
  </PointGame>
  <PointGame>
    <X>52356</X>
    <Y>91284</Y>
  </PointGame>
  <PointGame>
    <X>52484</X>
    <Y>91473</Y>
  </PointGame>
  <PointGame>
    <X>52666</X>
    <Y>91630</Y>
  </PointGame>
  <PointGame>
    <X>52818</X>
    <Y>91826</Y>
  </PointGame>
  <PointGame>
    <X>53001</X>
    <Y>91996</Y>
  </PointGame>
  <PointGame>
    <X>53123</X>
    <Y>92296</Y>
  </PointGame>
  <PointGame>
    <X>53210</X>
    <Y>92608</Y>
  </PointGame>
  <PointGame>
    <X>52246</X>
    <Y>91875</Y>
  </PointGame>
</ArrayOfPointGame>